{
  "board_size": [
    8,
    8
  ],
  "blocks": [
    [
      7,
      5
    ],
    [
      3,
      2
    ]
  ],
  "platforms": [
    [
      0,
      7
    ],
    [
      1,
      6
    ],
    [
      2,
      5
    ]
  ],
  "pieces": [
    {
      "type": "pawn",
      "player": "player",
      "position": [
        3,
        7
      ]
    },
    {
      "type": "pawn",
      "player": "player",
      "position": [
        4,
        7
      ]
    },
    {
      "type": "pawn",
      "player": "player",
      "position": [
        5,
        7
      ]
    },
    {
      "type": "pawn",
      "player": "player",
      "position": [
        6,
        7
      ]
    },
    {
      "type": "pawn",
      "player": "player",
      "position": [
        7,
        7
      ]
    },
    {
      "type": "knight",
      "player": "player",
      "position": [
        3,
        6
      ]
    },
    {
      "type": "king",
      "player": "enemy",
      "position": [
        3,
        1
      ]
    }
  ]
}