{
  "board_size": [
    8,
    8
  ],
  "blocks": [
    [
      6,
      7
    ],
    [
      1,
      7
    ],
    [
      7,
      5
    ],
    [
      0,
      6
    ]
  ],
  "platforms": [
    [
      2,
      4
    ],
    [
      5,
      5
    ],
    [
      6,
      2
    ],
    [
      6,
      5
    ],
    [
      1,
      5
    ],
    [
      4,
      3
    ],
    [
      1,
      4
    ],
    [
      4,
      5
    ],
    [
      3,
      3
    ],
    [
      2,
      5
    ],
    [
      3,
      5
    ],
    [
      5,
      2
    ]
  ],
  "pieces": [
    {
      "type": "king",
      "player": "enemy",
      "position": [
        6,
        1
      ]
    },
    {
      "type": "king",
      "player": "player",
      "position": [
        5,
        7
      ]
    },
    {
      "type": "rook",
      "player": "player",
      "position": [
        4,
        7
      ]
    },
    {
      "type": "queen",
      "player": "player",
      "position": [
        2,
        7
      ]
    },
    {
      "type": "bishop",
      "player": "player",
      "position": [
        3,
        7
      ]
    },
    {
      "type": "knight",
      "player": "player",
      "position": [
        6,
        6
      ]
    },
    {
      "type": "pawn",
      "player": "player",
      "position": [
        7,
        4
      ]
    },
    {
      "type": "pawn",
      "player": "player",
      "position": [
        6,
        4
      ]
    }
  ]
}