{
  "board_size": [
    12,
    10
  ],
  "blocks": [
    [
      11,
      7
    ],
    [
      10,
      5
    ],
    [
      3,
      8
    ],
    [
      3,
      4
    ],
    [
      9,
      6
    ],
    [
      10,
      7
    ],
    [
      11,
      6
    ],
    [
      7,
      9
    ],
    [
      9,
      5
    ],
    [
      3,
      9
    ],
    [
      5,
      6
    ],
    [
      11,
      5
    ],
    [
      2,
      6
    ],
    [
      5,
      3
    ],
    [
      7,
      2
    ],
    [
      9,
      7
    ],
    [
      7,
      8
    ]
  ],
  "pieces": [
    {
      "type": "king",
      "player": "enemy",
      "position": [
        7,
        1
      ]
    },
    {
      "type": "knight",
      "player": "player",
      "position": [
        11,
        9
      ]
    },
    {
      "type": "knight",
      "player": "player",
      "position": [
        9,
        9
      ]
    }
  ]
}