{
  "board_size": [
    8,
    8
  ],
  "blocks": [],
  "platforms": [
    [
      6,
      4
    ]
  ],
  "pieces": [
    {
      "type": "pawn",
      "player": "player",
      "position": [
        7,
        7
      ]
    },
    {
      "type": "pawn",
      "player": "player",
      "position": [
        6,
        7
      ]
    },
    {
      "type": "pawn",
      "player": "player",
      "position": [
        5,
        7
      ]
    },
    {
      "type": "pawn",
      "player": "player",
      "position": [
        3,
        7
      ]
    },
    {
      "type": "pawn",
      "player": "player",
      "position": [
        4,
        7
      ]
    },
    {
      "type": "king",
      "player": "enemy",
      "position": [
        6,
        3
      ]
    },
    {
      "type": "pawn",
      "player": "player",
      "position": [
        2,
        7
      ]
    },
    {
      "type": "pawn",
      "player": "player",
      "position": [
        1,
        7
      ]
    },
    {
      "type": "pawn",
      "player": "player",
      "position": [
        0,
        7
      ]
    },
    {
      "type": "pawn",
      "player": "player",
      "position": [
        0,
        6
      ]
    }
  ]
}