{
  "board_size": [
    8,
    8
  ],
  "blocks": [
    [
      6,
      2
    ]
  ],
  "platforms": [
    [
      4,
      4
    ],
    [
      1,
      7
    ],
    [
      2,
      6
    ],
    [
      3,
      5
    ]
  ],
  "pieces": [
    {
      "type": "king",
      "player": "enemy",
      "position": [
        6,
        1
      ]
    },
    {
      "type": "pawn",
      "player": "player",
      "position": [
        4,
        7
      ]
    },
    {
      "type": "knight",
      "player": "player",
      "position": [
        5,
        7
      ]
    }
  ]
}