{
  "board_size": [
    12,
    10
  ],
  "blocks": [
    [
      4,
      3
    ],
    [
      4,
      6
    ],
    [
      8,
      0
    ],
    [
      11,
      2
    ],
    [
      10,
      0
    ],
    [
      4,
      5
    ],
    [
      3,
      6
    ],
    [
      10,
      2
    ],
    [
      11,
      1
    ],
    [
      6,
      1
    ],
    [
      7,
      0
    ],
    [
      7,
      3
    ],
    [
      4,
      4
    ],
    [
      9,
      0
    ],
    [
      11,
      0
    ],
    [
      6,
      0
    ]
  ],
  "platforms": [
    [
      1,
      6
    ],
    [
      3,
      3
    ],
    [
      7,
      2
    ]
  ],
  "pieces": [
    {
      "type": "king",
      "player": "enemy",
      "position": [
        10,
        1
      ]
    },
    {
      "type": "rook",
      "player": "player",
      "position": [
        9,
        9
      ]
    }
  ]
}