{
  "board_size": [
    12,
    10
  ],
  "blocks": [
    [
      4,
      0
    ],
    [
      5,
      4
    ],
    [
      8,
      0
    ],
    [
      10,
      6
    ],
    [
      1,
      9
    ],
    [
      7,
      4
    ],
    [
      5,
      6
    ],
    [
      8,
      2
    ],
    [
      11,
      7
    ],
    [
      2,
      4
    ],
    [
      0,
      7
    ],
    [
      1,
      8
    ],
    [
      6,
      4
    ],
    [
      4,
      1
    ],
    [
      5,
      5
    ],
    [
      8,
      4
    ],
    [
      8,
      1
    ],
    [
      1,
      4
    ],
    [
      2,
      3
    ],
    [
      7,
      5
    ],
    [
      4,
      3
    ],
    [
      5,
      7
    ],
    [
      0,
      2
    ],
    [
      8,
      3
    ],
    [
      1,
      6
    ],
    [
      7,
      7
    ],
    [
      3,
      3
    ],
    [
      5,
      9
    ],
    [
      9,
      7
    ],
    [
      11,
      4
    ],
    [
      9,
      4
    ],
    [
      10,
      8
    ],
    [
      2,
      7
    ],
    [
      7,
      9
    ],
    [
      7,
      6
    ],
    [
      10,
      4
    ],
    [
      1,
      7
    ],
    [
      2,
      6
    ]
  ],
  "platforms": [
    [
      6,
      6
    ],
    [
      6,
      7
    ],
    [
      7,
      2
    ],
    [
      4,
      8
    ],
    [
      3,
      7
    ],
    [
      4,
      6
    ]
  ],
  "pieces": [
    {
      "type": "king",
      "player": "player",
      "position": [
        6,
        9
      ]
    },
    {
      "type": "bishop",
      "player": "player",
      "position": [
        10,
        7
      ]
    },
    {
      "type": "king",
      "player": "enemy",
      "position": [
        6,
        5
      ]
    },
    {
      "type": "rook",
      "player": "player",
      "position": [
        5,
        3
      ]
    }
  ]
}