{
  "board_size": [
    16,
    10
  ],
  "blocks": [
    [
      11,
      2
    ],
    [
      11,
      5
    ],
    [
      13,
      2
    ],
    [
      13,
      5
    ],
    [
      12,
      6
    ],
    [
      11,
      4
    ],
    [
      13,
      4
    ],
    [
      12,
      2
    ],
    [
      11,
      3
    ],
    [
      11,
      6
    ],
    [
      13,
      3
    ],
    [
      13,
      6
    ]
  ],
  "platforms": [
    [
      10,
      5
    ],
    [
      10,
      8
    ],
    [
      10,
      4
    ],
    [
      9,
      6
    ],
    [
      11,
      9
    ],
    [
      6,
      4
    ],
    [
      10,
      7
    ],
    [
      7,
      6
    ],
    [
      10,
      6
    ],
    [
      9,
      8
    ],
    [
      6,
      6
    ],
    [
      6,
      3
    ],
    [
      9,
      7
    ],
    [
      7,
      8
    ]
  ],
  "pieces": [
    {
      "type": "queen",
      "player": "player",
      "position": [
        6,
        9
      ]
    },
    {
      "type": "knight",
      "player": "player",
      "position": [
        8,
        9
      ]
    },
    {
      "type": "king",
      "player": "enemy",
      "position": [
        12,
        5
      ]
    }
  ]
}